name,link
T-2 Series Power Rack,https://titan.fitness/collections/racks/products/t2-series-power-rack
T-3 Series Power Rack,https://titan.fitness/collections/racks/products/t-3-series-power-rack-82-24
X-3 Series Bolt Down Power Rack,https://titan.fitness/collections/racks/products/x-3-series-bolt-down-power-rack-80-24
TITAN Series Power Rack,https://titan.fitness/collections/racks/products/titan-series-power-rack-90-36
X-3 Series Flat Foot Power Rack,https://titan.fitness/collections/racks/products/x3-series-flat-foot-power-rack
T-3 Series Extension Kit,https://titan.fitness/collections/racks/products/t3-series-extension-kit
T-3 Series Spotter Arms,https://titan.fitness/collections/racks/products/t-3-series-spotter-arms
T-3 or X-3 Series Rack Mounted Leg Curl and Extension,https://titan.fitness/collections/racks/products/t-3-or-x-3-series-rack-mounted-leg-curl-and-extension
X-3 Series Spotter Arms,https://titan.fitness/collections/racks/products/x-3-series-spotter-arms
T-2 Series Lat Tower Power Rack Attachment,https://titan.fitness/collections/racks/products/t2-series-lat-tower-power-rack-attachment
Rack Mounted Landmine,https://titan.fitness/collections/racks/products/rack-mounted-landmine
TITAN Series Rack Mounted Leg Curl and Extension,https://titan.fitness/collections/racks/products/titan-series-rack-mounted-leg-curl-extension
4 Pack Weight Plate Holders Fits T-3 and X-3 Series Racks,https://titan.fitness/collections/racks/products/4-pack-weight-plate-holders-fits-t3-3-series-racks
X-3 Series Y-Dip Attachment,https://titan.fitness/collections/racks/products/x-3-series-y-dip-attachment
T-3 Series Y-Dip Attachment,https://titan.fitness/collections/racks/products/t-3-series-y-dip-attachment
"T-2, T-3, or X-3 Series Multi-Grip Pull-Up Bar",https://titan.fitness/collections/racks/products/t2-t2-x3-series-multi-grip-pull-up-bar
Pin And Pipe Safety Set - T-3 and X-3 Bolt Down,https://titan.fitness/collections/racks/products/pin-pipe-safety-set-t3-x3-bolt-down
X-3 Series Folding Power Rack,https://titan.fitness/collections/racks/products/x3-series-folding-power-rack
T-3 Series Short Squat Stand,https://titan.fitness/collections/racks/products/t-3-series-short-squat-stand
T-3 Series Space Saving Racks,https://titan.fitness/collections/racks/products/t3-series-space-saving-racks
Lat Tower Rack Attachment – T-3 and X-3 Series Bolt Down Power Racks,https://titan.fitness/collections/racks/products/lat-tower-rack-attachment-t3-x3-series-bolt-down-power-racks
T-2 Series Weight Plate Holders,https://titan.fitness/collections/racks/products/t-2-series-weight-plate-holders
T-2 Series Spotter Arms,https://titan.fitness/collections/racks/products/t-2-series-spotter-arms
T-3 or X-3 Series Band Pegs,https://titan.fitness/collections/racks/products/t-3-or-3-series-band-pegs
T-3 Series J-Hooks,https://titan.fitness/collections/racks/products/t-3-series-j-hooks
X-3 Series Strap Safety System,https://titan.fitness/collections/racks/products/x-3-series-strap-safety-system
T-2 Series Y-Dip Attachment,https://titan.fitness/collections/racks/products/t-2-series-y-dip-attachment
T-2 Series J-Hooks,https://titan.fitness/collections/racks/products/t-2-series-j-hooks
T-3 Series Folding Power Rack,https://titan.fitness/collections/racks/products/t3-series-folding-power-rack
T-3 or X-3 Series Vertical Mount Barbell Holder,https://titan.fitness/collections/racks/products/t-3-or-3-series-vertical-mount-barbell-holder
"T-2 Series 10"" Extension Kit",https://titan.fitness/collections/racks/products/t2-series-10in-extension-kit
T-3 or X-3 Series Rack Stabilizer Feet,https://titan.fitness/collections/racks/products/t-3-or-3-series-rack-stabilizer-feet
X-3 Series Space Saving Rack,https://titan.fitness/collections/racks/products/x3-series-space-savings-racks
"Lever Arm Leg Press Attachment Fits T-3, and X-3 Series Power Racks",https://titan.fitness/collections/racks/products/lever-arm-leg-press-attachment
X-3 Series Roller J-Hooks,https://titan.fitness/collections/racks/products/x-3-series-roller-j-hooks
T-2 Series Leg Holder Kit for Lat Tower Attachment,https://titan.fitness/collections/racks/products/t-2-series-leg-holder-kit-for-lat-tower-attachment
Rack Mounted Infinity Rope Pulley System,https://titan.fitness/collections/racks/products/rack-mounted-infinity-rope-pulley-system-1
X-3 Series J-Hooks,https://titan.fitness/collections/racks/products/x-3-series-j-hooks-1
T-3 Series Roller J-Hooks,https://titan.fitness/collections/racks/products/t-3-series-roller-j-hooks
T-2 Series Dip Bars,https://titan.fitness/collections/racks/products/t-2-series-dip-bars
T-3 Series Tall Squat Stand,https://titan.fitness/collections/racks/products/t-3-series-tall-squat-stand
X-3 Series Adjustable Lever Arms,https://titan.fitness/collections/racks/products/x-3-series-adjustable-lever-arms
T-3 Series Independent Squat Stand Adjustable Pull-Up Bar,https://titan.fitness/collections/racks/products/t-3-series-independent-squat-stand-adjustable-pull-up-bar
TITAN Series Y Dip Bar,https://titan.fitness/collections/racks/products/titan-series-y-dip-bar
T-3 Series Adjustable Lever Arms,https://titan.fitness/collections/racks/products/t-3-series-adjustable-lever-arms
T-3 Series Strap Safety System,https://titan.fitness/collections/racks/products/t3-series-strap-safety-system
X-3 Series Rack Mounted Wrist Roller,https://titan.fitness/collections/racks/products/x-3-series-rack-mounted-wrist-roller
T-3 Series Independent Squat Stand,https://titan.fitness/collections/racks/products/t3-series-independent-squat-stand
T-3 or X-3 Series Extended Arm,https://titan.fitness/collections/racks/products/t-3-or-3-series-extended-arm
T-3 Series Stabilizer Bar,https://titan.fitness/collections/racks/products/t-3-series-stabilizer-bar
T-3/X-3 Series Battle Rope Anchor,https://titan.fitness/collections/racks/products/t-3x-3-series-battle-rope-anchor
X-3 Series Space Saving Rack Side Bracings,https://titan.fitness/collections/racks/products/x-3-series-space-saving-rack-side-bracings
X-3 or TITAN Series Dumbbell Holders,https://titan.fitness/collections/racks/products/x-3-or-titan-series-dumbbell-holders
X-3 Series Shackles,https://titan.fitness/collections/racks/products/x-3-series-shackles
X-3 Series Bolt Down Extension Kit,https://titan.fitness/collections/racks/products/x3-series-bolt-down-extension-kit
T-2 Series Dumbbell Weight Bar Holders,https://titan.fitness/collections/racks/products/t-2-series-dumbbell-weight-bar-holders
Rack Mount Leg Roller and Lat Tower Knee Holder,https://titan.fitness/collections/racks/products/rack-mount-leg-roller-lat-tower-knee-holder
T-3 Series Flip-Down Safety Bars,https://titan.fitness/collections/racks/products/t3-series-flip-down-safety-bars
X-3 Series Stabilizer Bar,https://titan.fitness/collections/racks/products/x-3-series-stabilizer-bar
X-3 Series Dip Bars,https://titan.fitness/collections/racks/products/x-3-series-dip-bars
T-3 Series Dip Bars,https://titan.fitness/collections/racks/products/t-3-series-dip-bars
X-3 Series Short Squat Stand,https://titan.fitness/collections/racks/products/x-3-series-short-squat-stand
Mounted Wall Ball Target for T-3 or X-3 Series Racks,https://titan.fitness/collections/racks/products/mounted-wall-ball-target-for-t3-or-3-series-racks
TITAN Series Roller J-Hooks,https://titan.fitness/collections/racks/products/titan-series-roller-j-hooks
"TITAN Series 1.25"" Single Pull-Up Bar",https://titan.fitness/collections/racks/products/titan-series-1-25-in-single-pull-up-bar
T-3 and X-3 Series Rack Mounted Preacher Curl,https://titan.fitness/collections/racks/products/t-3-3-series-rack-mounted-preacher-curl
X-3 Series Adjustable Monolift Attachments,https://titan.fitness/collections/racks/products/x-3-series-adjustable-monolift-attachments
T-3 Series Half Rack Conversion Kit,https://titan.fitness/collections/racks/products/t3-series-half-rack-conversion-kit
X-3 Series Sandwich J-Hooks,https://titan.fitness/collections/racks/products/x-3-series-sandwich-j-hooks
T-3 Series Half Rack,https://titan.fitness/collections/racks/products/t-3-series-half-rack
"T-2 Series 26"" Strap Safety System",https://titan.fitness/collections/racks/products/t-2-series-26-in-strap-safety-system
T-3 Series Rack Mounted Wrist Roller,https://titan.fitness/collections/racks/products/t-3-series-rack-mounted-wrist-roller
T-3 Series Shackles,https://titan.fitness/collections/racks/products/t-3-series-shackles
T-2 Series Roller J-Hooks,https://titan.fitness/collections/racks/products/t-2-series-roller-j-hooks
T-3 Series Sandwich J-Hooks,https://titan.fitness/collections/racks/products/t-3-series-sandwich-j-hooks
X-3 Series Tall Squat Stand,https://titan.fitness/collections/racks/products/x-3-series-tall-squat-stand
"Sphere Grip Pull-Up Bar for T-3, X-3, TITAN Series Racks",https://titan.fitness/collections/racks/products/sphere-grip-pull-up-bar-t3-x3-titan-series
X-3 Series Half Rack,https://titan.fitness/collections/racks/products/x-3-series-half-rack
T-3 Series Adjustable Monolift Attachments,https://titan.fitness/collections/racks/products/t-3-series-adjustable-monolift-attachments
X-3 Series Flat Foot Extension Kit,https://titan.fitness/collections/racks/products/x3-series-flat-foot-extension-kit
X-3 Series Crossmember With Gussets,https://titan.fitness/collections/racks/products/x-3-series-crossmember-with-gussets
T-2 Series Adjustable Monolift Attachments,https://titan.fitness/collections/racks/products/t-2-series-adjustable-monolift-attachments
T-3 Series Dumbbell Holders,https://titan.fitness/collections/racks/products/t-3-series-dumbbell-holders
X-3 Series Squat Handles,https://titan.fitness/collections/racks/products/x-3-series-squat-handles-pair
T-3 or X-3 Series Dual Pull-Up Stabilizer Bar,https://titan.fitness/collections/racks/products/t-3-or-3-series-dual-pull-up-stabilizer-bar
X-3 Series Rack Mounted Muscle Roller,https://titan.fitness/collections/racks/products/x-3-series-rack-mounted-muscle-roller
TITAN Series Flip Down Safety Bars,https://titan.fitness/collections/racks/products/titan-series-flip-down-safety-bars
T-3 or X-3 Series X-Dip Bar Attachment,https://titan.fitness/collections/racks/products/t-3-or-3-series-dip-bar-attachment
X-3 Series Step-Up Platform,https://titan.fitness/collections/racks/products/x-3-series-step-up-platform
T-3 Series Crossmember With Gussets,https://titan.fitness/collections/racks/products/t-3-series-crossmember-with-gussets
T-3 Series Squat Handles,https://titan.fitness/collections/racks/products/t-3-series-squat-handles-pair
T-2 Series Sandwich J-Hooks,https://titan.fitness/collections/racks/products/t-2-series-sandwich-j-hooks
TITAN Series Multi-Grip Pull Up Bar,https://titan.fitness/collections/racks/products/titan-series-multi-grip-pull-up-bar
X-3 Series Half Rack Conversion Kit,https://titan.fitness/collections/racks/products/x3-series-half-rack-conversion-kit
TITAN Series Crossmember Stabilizer with Gussets,https://titan.fitness/collections/racks/products/titan-series-crossmember-stabilizer-with-gussets
T-3 Series Step-Up Platform,https://titan.fitness/collections/racks/products/t-3-series-step-up-platform
TITAN Series Adjustable Lever Arms,https://titan.fitness/collections/racks/products/titan-series-adjustable-lever-arms
T-2 Series Battle Rope Anchor,https://titan.fitness/collections/racks/products/t-2-series-battle-rope-anchor
TITAN Series Spotter Arms,https://titan.fitness/collections/racks/products/titan-series-spotter-arms
"Rack Mounted SquatMax-MD Fits T-3, X-3, TITAN Series Racks",https://titan.fitness/collections/racks/products/rack-mounted-squatmax-md
"TITAN Series 2"" Single Fat Pull-Up Bar",https://titan.fitness/collections/racks/products/titan-series-2-in-single-fat-pull-up-bar
Stealth Leg Press,https://titan.fitness/collections/racks/products/stealth-leg-press-stlthlegprs
TITAN Series Crossmember Stabilizer,https://titan.fitness/collections/racks/products/titan-series-crossmember-stabilizer
TITAN Series Strap Safety System,https://titan.fitness/collections/racks/products/titan-series-strap-safety-system
X-3 Series Low Pulley Add-On,https://titan.fitness/collections/racks/products/x-3-series-low-pulley-add-on
Rack Mount Neck Machine,https://titan.fitness/collections/racks/products/rack-mount-neck-machine
T-3 Series Rack Mounted Muscle Roller,https://titan.fitness/collections/racks/products/t-3-series-rack-mounted-muscle-roller
"TITAN Series 24"" Extension Kit",https://titan.fitness/collections/racks/products/titan-series-24in-extension-kit
TITAN Series Adjustable Monolift Attachments,https://titan.fitness/collections/racks/products/titan-series-adjustable-monolift-attachments
T-3 or X-3 Series Rack-Mounted Chalk Bowl,https://titan.fitness/collections/racks/products/t-3-or-3-series-rack-mounted-chalk-bowl
Adjustable Bracket Conversion Kit for X-3 Series Lever Arms,https://titan.fitness/collections/racks/products/adjustable-bracket-conversion-kit-for-3-series-lever-arms
TITAN Series Lat Tower Power Rack Attachment,https://titan.fitness/collections/racks/products/titan-series-lat-tower-power-rack-attachment
Adjustable Handle Pull Up Bar – Rack Mounted,https://titan.fitness/collections/racks/products/adjustable-handle-pull-up-bar-rack-mounted
TITAN Series Sandwich J-Hooks,https://titan.fitness/collections/racks/products/titan-series-sandwich-j-hooks
Adjustable Bracket Conversion Kit for T-3 Lever Arms,https://titan.fitness/collections/racks/products/adjustable-bracket-conversion-kit-for-t3-lever-arms
T-3 and X-3 Series Revolving Pull-Up Bars,https://titan.fitness/collections/racks/products/t3-x3-series-revolving-pull-up-bars
Neutral Grip Handles,https://titan.fitness/collections/racks/products/neutral-grip-handles
TITAN Series Nameplate Crossmember,https://titan.fitness/collections/racks/products/titan-series-nameplate-crossmember
T-3 Series Rack-Mounted Pulley System,https://titan.fitness/collections/racks/products/t-3-series-rack-mounted-pulley-system
X-3 Series Flip-Down Safety Bars,https://titan.fitness/collections/racks/products/x-3-series-flip-down-safety-bars
TITAN Series Revolving Pull-Up Bars,https://titan.fitness/collections/racks/products/titan-series-revolving-pull-up-bars
T-3 Series Space Saving Rack Side Bracings,https://titan.fitness/collections/racks/products/t-3-series-space-saving-rack-side-bracings
Replacement Revolving Pull-Up Bars,https://titan.fitness/collections/racks/products/replacement-revolving-pull-up-bars
X-3 Series Rack-Mounted Pulley System,https://titan.fitness/collections/racks/products/tricep-lat-pulley-system-for-3
Power Rack Mounted Adjustable Speed Bag Platform,https://titan.fitness/collections/racks/products/power-rack-mounted-adjustable-speed-bag-platform
